[
    {
        "id":1,
        "href":"#/contacto_luis",
        "img":"images/Luis_Correa.webp",
        "alt":"Luis",
        "nombre":"Luis Correa",
        "titulo":"Ingeniero en Computación",
        "descripcion":"Desarrollador Semisenior .Net Full Stack",
        "url":"https://www.linkedin.com/in/luis-correa-36477a1b7/"
    },
    {
        "id":2,
        "href":"#/contacto_percy",
        "img":"images/Percy_Correa.webp",
        "alt":"Percy",
        "nombre":"Percy Correa",
        "titulo":"Ingeniero Civil",
        "descripcion":"Diseño de Planos",
        "url":"https://www.linkedin.com/in/percy-correa-a9a919ba/"
    },
    {
        "id":3,
        "href":"#/contacto_juan",
        "img":"images/Juan Correa.webp",
        "alt":"Juan",
        "nombre":"Juan Correa",
        "titulo":"Asesor Comercial",
        "descripcion":"Vendedor automotriz",
        "url":"https://www.linkedin.com/in/percy-correa-a9a919ba/"
    },
    {
        "id":4,
        "href":"#/contacto_yolanda",
        "img":"images/Yolanda_Yancel.webp",
        "alt":"Yolanda",
        "nombre":"Yolanda Yancel",
        "titulo":"Contador Publico",
        "descripcion":"Contador publico, asistente administrativa",
        "url":"https://www.linkedin.com/in/yolanda-yancel-flores-b39817111/"
    },
    {
        "id":5,
        "href":"#/contacto_patricia",
        "img":"images/Patricia Correa.webp",
        "alt":"Patricia",
        "nombre":"Patricia Correa",
        "titulo":"Medico Cirujano",
        "descripcion":"Medico Cirujano",
        "url":"https://www.linkedin.com/in/yolanda-yancel-flores-b39817111/"
    },
    {
        "id":6,
        "href":"#/contacto_ana",
        "img":"images/Ana Correa.webp",
        "alt":"Patricia",
        "nombre":"Ana Correa",
        "titulo":"Ingenieria Quimica",
        "descripcion":"Ingenieria Quimica",
        "url":"https://www.linkedin.com/in/yolanda-yancel-flores-b39817111/"
    }
    ]