[
    
    {
        "id":1,
        "href":"https://www.facebook.com/Ricana-Tours-107912725995677/",
        "src":"proyectos/ricana-tours.svg" ,
        "nombre":"Aplicación web con codeigniter en ricana tours",
        "tecnologia":[
            {
                "id":1,
                "nombre":"bash",
                "porcentaje":10
            },
            {
                "id":2,
                "nombre":"php",
                "porcentaje":10
            },
            {
                "id":3,
                "nombre":"javascript",
                "porcentaje":10
            },
            {
                "id":4,
                "nombre":"css",
                "porcentaje":10
            },
            {
                "id":5,
                "nombre":"bootstrap",
                "porcentaje":10
            },
            {
                "id":6,
                "nombre":"jquery",
                "porcentaje":10
            },
            {
                "id":7,
                "nombre":"codeigniter",
                "porcentaje":10
            },
            {
                "id":8,
                "nombre":"git",
                "porcentaje":20
            },
            {
                "id":9,
                "nombre":"UML",
                "porcentaje":10
            }
        ]
    },
    {
        "id":2,
        "href":"https://www.facebook.com/Ricana-Tours-107912725995677/",
        "src":"proyectos/ricana-tours.svg", 
        "nombre":"Aplicación web con cakePHP en ricana tours",
        "tecnologia":[
            {
                "nombre":"bash",
                "porcentaje":60
            }
        ]
    },
    {
        "id":3,
        "href":"https://www.facebook.com/PdvsaROriente/",
        "src":"proyectos/pdvsa.svg",
        "nombre":"Migración del servicio de impresión a tecnología tecnología de información libre",
        "tecnologia":[
            {
                "id":1,
                "nombre":"bash",
                "porcentaje":40
            },
            {
                "id":2,
                "nombre":"samba",
                "porcentaje":20
            },
            {
                "id":3,
                "nombre":"cups",
                "porcentaje":20
            },
            {
                "id":4,
                "nombre":"Debian",
                "porcentaje":20
            }
        ]
    }
]